algorithm,interval_k,signature_bytes,fits_single_message,required_fragments,effective_payload_bytes,total_signature_bytes_across_events,event_count,channel_occupancy_proxy,recovery_probability,latency_ms,immediate_auth_feasible,detached_auth_feasible,loss_tolerant
ECDSA-P256,1,64,False,5,14,8548160,133565,0.00047916744656159924,0.9509900498999999,2.5599999999999996,False,True,True
ML-DSA-44,1,2420,False,173,14,323227300,133565,0.018118519073110472,0.1757473014911758,3349.2799999999997,False,True,False
FN-DSA-512,1,665,False,48,14,87490868,133565,0.004978849249429117,0.617290140942288,255.36000000000004,False,True,True
ECDSA-P256,5,64,False,5,14,1699136,26549,0.00047916744656159924,0.9509900498999999,2.5599999999999996,False,True,True
ML-DSA-44,5,2420,False,173,14,64248580,26549,0.018118519073110472,0.1757473014911758,3349.2799999999997,False,True,False
FN-DSA-512,5,665,False,48,14,17391220,26549,0.004978849249429117,0.617290140942288,255.36000000000004,False,True,True
ECDSA-P256,10,64,False,5,14,843328,13177,0.00047916744656159924,0.9509900498999999,2.5599999999999996,False,True,True
ML-DSA-44,10,2420,False,173,14,31888340,13177,0.018118519073110472,0.1757473014911758,3349.2799999999997,False,True,False
FN-DSA-512,10,665,False,48,14,8631606,13177,0.004978849249429117,0.617290140942288,255.36000000000004,False,True,True
ECDSA-P256,20,64,False,5,14,415104,6486,0.00047916744656159924,0.9509900498999999,2.5599999999999996,False,True,True
ML-DSA-44,20,2420,False,173,14,15696120,6486,0.018118519073110472,0.1757473014911758,3349.2799999999997,False,True,False
FN-DSA-512,20,663,False,48,14,4248494,6486,0.004963875266724067,0.617290140942288,254.59199999999998,False,True,True
