algorithm,auth_events_per_second,baseline_offered_airtime_load,calibration_sample_count,complete_group_count,global_authentication_frame_budget_per_second,group_formation_ms_p50,group_formation_ms_p95,grouped_message_count,incomplete_group_count,interval_k,modeled_additional_airtime_load,modeled_authentication_frames,modeled_authentication_frames_per_second,modeled_exceeds_global_authentication_frame_budget,modeled_exceeds_serial_capacity,modeled_total_offered_airtime_load,observed_aircraft_count,observed_message_count,raw_signature_lower_bound_additional_airtime_load,raw_signature_lower_bound_exceeds_serial_capacity,raw_signature_lower_bound_frames,raw_signature_lower_bound_total_airtime_load,signature_bytes_max,signature_bytes_mean,signature_bytes_min,signature_bytes_p50,signature_bytes_p95,signature_size_distribution,signature_size_distribution_basis,signed_trace_fraction,sizing_basis,trace_duration_s,traffic_count_basis,unsigned_tail_message_count
ECDSA-P256,208.4373979133174,0.025012487749598085,,133565,,0.0,0.0,133565,0,1,1.0755369732327178,5743295,8962.808110272648,,True,1.1005494609823159,417,133565,0.25012487749598084,False,1335650,0.2751373652455789,64,64.0,64,64,64,"{""64"":133565}",complete_group_counts,1.0,configured_fixed_size,640.7919180393219,complete_group_size_counts,0
ML-DSA-44,208.4373979133174,0.025012487749598085,,133565,,0.0,0.0,133565,0,1,20.71033985666722,110591820,172586.1654722268,,True,20.735352344416818,417,133565,8.654320761360939,True,46213490,8.679333249110536,2420,2420.0,2420,2420,2420,"{""2420"":133565}",complete_group_counts,1.0,configured_fixed_size,640.7919180393219,complete_group_size_counts,0
FN-DSA-512,208.4373979133174,0.025012487749598085,133565,133565,,0.0,0.0,133565,0,1,6.003450436408177,32058021.0,50028.75363673481,,True,6.028462924157775,417,133565,2.351363738497619,True,12556124.0,2.3763762262472174,666,655.0517500842286,646,655,659,"{""646"":4,""647"":24,""648"":104,""649"":507,""650"":1548,""651"":4279,""652"":9299,""653"":15730,""654"":22107,""655"":24559,""656"":22115,""657"":16180,""658"":9630,""659"":4691,""660"":1923,""661"":639,""662"":173,""663"":39,""664"":12,""665"":1,""666"":1}",calibration_sample_counts,1.0,calibrated_empirical_distribution,640.7919180393219,calibration_distribution_expectation,0
SLH-DSA-SHA2-128s,208.4373979133174,0.025012487749598085,,133565,,0.0,0.0,133565,0,1,66.03296765893894,352611600,550274.7304911579,,True,66.05798014668854,417,133565,28.089023742798652,True,149993495,28.11403623054825,7856,7856.0,7856,7856,7856,"{""7856"":133565}",complete_group_counts,1.0,configured_fixed_size,640.7919180393219,complete_group_size_counts,0
ECDSA-P256,41.43154626736543,0.025012487749598085,,26549,,1746.3233470916748,16943.973064422607,132745,332,5,0.26847641981252796,1433646,2237.303498437733,,False,0.29348890756212603,417,133565,0.049717855520838516,False,265490,0.0747303432704366,64,64.0,64,64,64,"{""64"":26549}",complete_group_counts,0.9938606670909295,configured_fixed_size,640.7919180393219,complete_group_size_counts,820
ML-DSA-44,41.43154626736543,0.025012487749598085,,26549,,1746.3233470916748,16943.973064422607,132745,332,5,4.171328078198352,22274611,34761.06731831959,,True,4.19634056594795,417,133565,1.7202378010210126,True,9185954,1.7452502887706107,2420,2420.0,2420,2420,2420,"{""2420"":26549}",complete_group_counts,0.9938606670909295,configured_fixed_size,640.7919180393219,complete_group_size_counts,820
FN-DSA-512,41.43154626736543,0.025012487749598085,26549,26549,,1746.3233470916748,16943.973064422607,132745,332,5,1.2463501762689073,6655426.0,10386.25146890756,,True,1.2713626640185054,417,133565,0.4673935353560767,False,2495850.0,0.4924060231056748,664,655.0546536592715,647,655,659,"{""647"":1,""648"":20,""649"":91,""650"":333,""651"":823,""652"":1857,""653"":3149,""654"":4388,""655"":4839,""656"":4433,""657"":3220,""658"":1883,""659"":966,""660"":365,""661"":135,""662"":32,""663"":12,""664"":2}",calibration_sample_counts,0.9938606670909295,calibrated_empirical_distribution,640.7919180393219,calibration_distribution_expectation,820
SLH-DSA-SHA2-128s,41.43154626736543,0.025012487749598085,,26549,,1746.3233470916748,16943.973064422607,132745,332,5,13.180203498574288,70381399,109835.02915478575,,True,13.205215986323886,417,133565,5.583315174990165,True,29814527,5.608327662739764,7856,7856.0,7856,7856,7856,"{""7856"":26549}",complete_group_counts,0.9938606670909295,configured_fixed_size,640.7919180393219,complete_group_size_counts,820
ECDSA-P256,20.56361765660003,0.025012487749598085,,13177,,4057.987689971924,38501.78933143616,131770,370,10,0.16533148595906427,882859,1377.762382992202,,False,0.19034397370866235,417,133565,0.024676341187920038,False,131770,0.04968882893751812,64,64.0,64,64,64,"{""64"":13177}",complete_group_counts,0.9865608505222176,configured_fixed_size,640.7919180393219,complete_group_size_counts,1795
ML-DSA-44,20.56361765660003,0.025012487749598085,,13177,,4057.987689971924,38501.78933143616,131770,370,10,2.102424269210787,11226804,17520.202243423228,,True,2.1274367569603854,417,133565,0.8538014051020334,False,4559242,0.8788138928516315,2420,2420.0,2420,2420,2420,"{""2420"":13177}",complete_group_counts,0.9865608505222176,configured_fixed_size,640.7919180393219,complete_group_size_counts,1795
FN-DSA-512,20.56361765660003,0.025012487749598085,13177,13177,,4057.987689971924,38501.78933143616,131770,370,10,0.6514981045288118,3478956.0,5429.150871073432,,False,0.6765105922784099,417,133565,0.23197408677504316,False,1238726.0,0.25698657452464124,663,655.0506185019352,647,655,659,"{""647"":1,""648"":9,""649"":46,""650"":187,""651"":406,""652"":923,""653"":1618,""654"":2150,""655"":2367,""656"":2090,""657"":1627,""658"":1016,""659"":459,""660"":189,""661"":72,""662"":13,""663"":4}",calibration_sample_counts,0.9865608505222176,calibrated_empirical_distribution,640.7919180393219,calibration_distribution_expectation,1795
SLH-DSA-SHA2-128s,20.56361765660003,0.025012487749598085,,13177,,4057.987689971924,38501.78933143616,131770,370,10,6.573777292461898,35103528,54781.47743718248,,True,6.598789780211496,417,133565,2.77115311540342,True,14797771,2.7961656031530184,7856,7856.0,7856,7856,7856,"{""7856"":13177}",complete_group_counts,0.9865608505222176,configured_fixed_size,640.7919180393219,complete_group_size_counts,1795
ECDSA-P256,10.121850506238735,0.025012487749598085,,6486,,8735.352516174316,71567.65818595886,129720,397,20,0.11417447371037293,609684,951.453947586441,,False,0.139186961459971,417,133565,0.01214622060748648,False,64860,0.03715870835708457,64,64.0,64,64,64,"{""64"":6486}",complete_group_counts,0.9712125182495415,configured_fixed_size,640.7919180393219,complete_group_size_counts,3845
ML-DSA-44,10.121850506238735,0.025012487749598085,,6486,,8735.352516174316,71567.65818595886,129720,397,20,1.0676527913980618,5701194,8897.106594983848,,True,1.0926652791476599,417,133565,0.4202592330190323,False,2244156,0.44527172076863036,2420,2420.0,2420,2420,2420,"{""2420"":6486}",complete_group_counts,0.9712125182495415,configured_fixed_size,640.7919180393219,complete_group_size_counts,3845
FN-DSA-512,10.121850506238735,0.025012487749598085,6486,6486,,8735.352516174316,71567.65818595886,129720,397,20,0.3530752396070582,1885398.0,2942.2936633921518,,False,0.3780877273566563,417,133565,0.11418346258778826,False,609732.0,0.13919595033738635,664,655.0639839654641,647,655,659,"{""647"":1,""648"":8,""649"":22,""650"":82,""651"":189,""652"":494,""653"":714,""654"":1067,""655"":1178,""656"":1071,""657"":837,""658"":473,""659"":208,""660"":106,""661"":27,""662"":7,""663"":1,""664"":1}",calibration_sample_counts,0.9712125182495415,calibrated_empirical_distribution,640.7919180393219,calibration_distribution_expectation,3845
SLH-DSA-SHA2-128s,10.121850506238735,0.025012487749598085,,6486,,8735.352516174316,71567.65818595886,129720,397,20,3.268547965474612,17453826,27237.899712288436,,True,3.2935604532242104,417,133565,1.3640205742207319,True,7283778,1.38903306197033,7856,7856.0,7856,7856,7856,"{""7856"":6486}",complete_group_counts,0.9712125182495415,configured_fixed_size,640.7919180393219,complete_group_size_counts,3845
